nextprotPosition,originalAminoAcid,variantAminoAcid
45,C,F
33,E,Y
66,F,Y
380,E,M
22,S,R
23,S,R
24,C,F
25,E,Y
26,F,Y
27,E,M
28,S,R
29,S,R
30,C,F
31,E,Y
32,F,Y
33,E,M
34,S,R
35,S,R
36,C,F
37,E,Y
38,F,Y
39,E,M
40,S,R
41,S,R
42,C,F
43,E,Y
44,F,Y
45,E,M
46,S,R
47,S,R
48,C,F
49,E,Y
50,F,Y
51,E,M
52,S,R
53,S,R
54,C,F
55,E,Y
56,F,Y
57,E,M
58,S,R
59,S,R
60,C,F
61,E,Y
62,F,Y
63,E,M
64,S,R
65,S,R
66,C,F
67,E,Y
68,F,Y
69,E,M
70,S,R
71,S,R
72,C,F
73,E,Y
74,F,Y
75,E,M
76,S,R
77,S,R
78,C,F
79,E,Y
80,E,Y
81,C,F
